run_timestamp_utc,keyword,location,source_type,company_name,role_bucket,title,published,raw_link,fit_score,staffing_like,soft_senior
2026-04-18T22:24:26.654258+00:00,bi analyst,Calgary,linkedin,Spectrum,Data Analyst,"Spectrum hiring Associate Data Analyst in Greenwood Village, CO - LinkedIn","Fri, 17 Apr 2026 22:48:40 GMT",https://news.google.com/rss/articles/CBMihwFBVV95cUxPbUJPeXRVR0hicnRBTG44NUJrU1E0WXVDaVpMYmtGeHJBb2VsN0NlMEt6dG40cDAtaFgwcXptRzRxV2NKbndnVERDQk5HZWJrRE1rVlRta05rZlpucURTMzRRZWc4dE1fZVJGUXNzQnluUzJLRXIwMmpUMXF0UTRHa0U2c0JDLU0?oc=5,15,False,False
2026-04-18T22:24:26.654258+00:00,operations analyst,"""Remote Canada""",linkedin,Orion Digital,Operations Analyst,"Orion Digital hiring Operations Analyst, Systems & Automation in Vancouver, British Columbia, Canada - LinkedIn","Sat, 18 Apr 2026 07:44:31 GMT",https://news.google.com/rss/articles/CBMioAFBVV95cUxQZjVlcTRLbGN3QXVEZGRxVnI0amRYWFhLT1hqRXRnNzNzdU9sUDBvWmdDWGhmS25oQnFiWUttOS1xb2NpUVgxalNpa2NXWXRrRUJJdzNsajRYalAzMXVTc1lfRk1CWEdiZFN4LVZLSTVuZTR3Zzc5X1VwTlNjangyTVhBRnJkLWg1ZEpTTlR5U0F1aEhHVjh2c2VMTi0xbDZw?oc=5,13,False,False
2026-04-18T22:24:26.654258+00:00,reporting analyst,Toronto,indeed,"Discover 700 Reporting Analyst Jobs and Work Opportunities in Montréal, QC",Reporting Analyst,"Discover 700 Reporting Analyst Jobs and Work Opportunities in Montréal, QC - Indeed","Sat, 18 Apr 2026 03:57:40 GMT",https://news.google.com/rss/articles/CBMilwFBVV95cUxNQnBEZ2VsTGcyc3IxS2FfdHlicjNNNllFNlhZdzQwRUhYNTl0eGh2VzNjZ3lkZ3FfbEFpNGtzSE9GQWJNekE0NGhnVm1MUDRNVTN3YXVtbzlid05oNGpPVGJfYXZ6N1NhaVYzeDdvbVVNVldiYnQtWFFGN1ItdjNsR3BwWkthNHFLNW9xQWN5ZU1GeUFSVXow?oc=5,13,False,False
2026-04-18T22:24:26.654258+00:00,business analyst,Ontario,linkedin,Intelli-CloudWare Inc,Business Analyst,"Intelli-CloudWare Inc hiring Salesforce Business Analyst in Scarborough, Ontario, Canada - LinkedIn","Sat, 18 Apr 2026 03:15:10 GMT",https://news.google.com/rss/articles/CBMingFBVV95cUxPLS1EWTY4bHM0dksxZXJFSGF4QWlQT3ZNaHo4bDRTVzhHeEwtX3lZX2VpVm5JSkEyRmIyMmVxd3BwTmZkOHVhQzl3amlDcV82NEUtYVBDbDZjT09EeGlSczVFMTBUQm5fb1c3TlR3VHJ5NE9jS2xiN3JDR0YwTjRZRldFdGFXWmZ5bllCWHB1TFNHV2R5cUNMQmctS2lnQQ?oc=5,13,False,False
2026-04-18T22:24:26.654258+00:00,data analyst,Ontario,indeed,Hiring Now: 45 Part Time Data Analyst Jobs in Ontario,Data Analyst,Hiring Now: 45 Part Time Data Analyst Jobs in Ontario – Great Pay & Flexible Hours (17 April 2026) - Indeed,"Sat, 18 Apr 2026 01:17:04 GMT",https://news.google.com/rss/articles/CBMigAFBVV95cUxQRHhFWEZLeEpZeWxFVFNyb0pncUlaYjhueDF2RTBGVUxEMnFNdXk1ZUtDWXAxajBTUnBMR1pMMzgtZ09pSTdXVld4NG56YVotbG03dmpoYjlxN0Q4NXI1N19UbmJQQk54YVV3ZGFySEgxTzVMbHQxbWdKWTE3WFdJQQ?oc=5,13,False,False
2026-04-18T22:24:26.654258+00:00,business analyst,"""Remote Canada""",linkedin,Canadian Blood Services,Business Analyst,"Canadian Blood Services hiring SAP Business Systems Analyst I in Ottawa, Ontario, Canada - LinkedIn","Fri, 17 Apr 2026 23:20:26 GMT",https://news.google.com/rss/articles/CBMipAFBVV95cUxNdTNudm5QenQ4cmF6UWpJaFNrbEFGVDZTclFvazNaSmJmODFaWjNRZWNmRTZicHRFQnpIQUdIMW02cDIxaDl5N09JOEtCMVpHNjB3OHgxVDBDdmtZT0hkTWw1bEVHRUpqai1MWFF3Zi1teDN0dGJLTTF2VzlSc1lVTWdLU2FkZ19rWGdLQlFjREhxWm10clVnS09FRmdJbmFFMFFXUg?oc=5,13,False,False
2026-04-18T22:24:26.654258+00:00,business intelligence analyst,Edmonton,indeed,Business Intelligence Analyst,BI Analyst,Business Intelligence Analyst - Indeed,"Sat, 18 Apr 2026 10:40:59 GMT",https://news.google.com/rss/articles/CBMiXkFVX3lxTE9OVmwtQXBJOWxWc1dyTi15c1I4TmhTckNkUjd1Mm9aeEEzZVVnNXo1UzJweUQ5SmtMcHNvWXB3bGQtUjZKeTlQdHA0Q2szRFhHdnh2LU15N2VaSWxINnc?oc=5,12,False,False
2026-04-18T22:24:26.654258+00:00,data analyst,Mississauga,indeed,"Discover 300 Health Data Analyst Jobs and Work Opportunities in Mississauga, ON",Data Analyst,"Discover 300 Health Data Analyst Jobs and Work Opportunities in Mississauga, ON - Indeed","Sat, 18 Apr 2026 07:41:48 GMT",https://news.google.com/rss/articles/CBMihwFBVV95cUxONnpBVklQTU55LUVObjdjUmRrczJRV0FVZTc5ODlNbXBmMm9sRDdMdmVXd1VNaXlreVJaOFJjZzVBZUpPd0JMc1BtU2VEbGhRU2YyNlNDSWY2c3FwWFo4RkcyV1dNMEFTRDg2UzBnLUhQYm9TTkZjNkdLZkZqSURhR0Z1ZzdtZkk?oc=5,12,False,False
2026-04-18T22:24:26.654258+00:00,product analyst,Ontario,indeed,"Product analyst moneris jobs in Toronto, ON",Product Analyst,"Product analyst moneris jobs in Toronto, ON - Indeed","Sat, 18 Apr 2026 06:17:42 GMT",https://news.google.com/rss/articles/CBMie0FVX3lxTFBRaEF4U0E1RVNNbEI2cUFZYlcyTjBacU5RU21Dd1ZwYk5WUUtBNi1EOFdqUTFYdWhlVEwwVWJOeWYyc2xqMnBuN0U2TnY4aU1Bb1dGZzV0VnpUYVk1ZHhjWFdIODZnOXZkX3VYLTg4dVNoWUlqcWdnTGdiWQ?oc=5,12,False,False
2026-04-18T22:24:26.654258+00:00,business intelligence analyst,Burnaby,linkedin,Business Analyst I,Business Analyst,Business Analyst I - Channels Change Management Team - 12 Month Contract - LinkedIn,"Fri, 17 Apr 2026 23:23:17 GMT",https://news.google.com/rss/articles/CBMivwFBVV95cUxQVlVmUXBxUXExTkJHVG5CN01TZzJ3WEM4ZHpnRVdpTTVFRGJtVGpzQmlRaVE2eDdXcDd6NmYzNHhkeWxWeGJ1SGthaXc4aXQxaEJ3Y2N1TUgzUFRReF8xdXVRSktyZk92Tmt5Qy1QSktac2t0S2FnUWhHV1ZWZmVwTUxZclljQlFGcTh6dEdNTWZyeTRhS1lyZmM5Nmd0YXBjWWdrNUdlWDllLWFwZmpHcjVDbWVlVlFRazhjb3g0WQ?oc=5,12,False,False
2026-04-18T22:24:26.654258+00:00,business systems analyst,Ontario,linkedin,Canadian Blood Services,Business Analyst,"Canadian Blood Services hiring SAP Business Systems Analyst I in London, Ontario, Canada - LinkedIn","Fri, 17 Apr 2026 23:20:24 GMT",https://news.google.com/rss/articles/CBMipAFBVV95cUxQbkdyRHhSTFRqQlJXSndaSDNSWnZUNEdkU05zLTQ3QUs5YU1pb0RleXk0bEtWU0dIejg1V1hiRHRTSklCV0JUYmw1Umg2b3h0aS1PTTFpeVJNZFhIY1NJWnd2d0ZHMkotT2FzNHpYZENxNmtlRFdjQlJ2bUNlbjlqelhLZm5ycGNJLWt0S1hNLUxfbGN6cEFxcUdjN3JLX2stQ3E3YQ?oc=5,11,False,False
2026-04-18T22:24:26.654258+00:00,data analyst,Ontario,linkedin,Source Code,Data Analyst,"Source Code hiring Senior Data Analyst in Toronto, Ontario, Canada - LinkedIn","Fri, 17 Apr 2026 22:25:34 GMT",https://news.google.com/rss/articles/CBMihgFBVV95cUxNemdvOFRLTHMxTGdqeTFLYWdkNWdTRWVpTklVODQzQ0s3ZlotU3B0YUNCRi1jUU1lbUZ4MWoyYnBYQWEwV2tXQm16SkpaMjdZWkFYcUpqQXl5cUhIX1dQQnMtZmE2Q1pMMkdrM0dvRVdqTnRTZnQ4TUFYOF9sR3B1VkJuMUZJQQ?oc=5,11,False,True
2026-04-18T22:24:26.654258+00:00,business systems analyst,Vancouver,linkedin,City of Delta,Business Analyst,"City of Delta hiring Business Systems Analyst in Delta, British Columbia, Canada - LinkedIn","Sat, 18 Apr 2026 02:33:04 GMT",https://news.google.com/rss/articles/CBMijwFBVV95cUxPVFZmdFdLZ05JOENBMTdwenV6NFcxRUNhMS1mOFNvWmpGR2dIZHdoNE1fY2JwSUx2eEtxRVlWeXM2eHRjUlNURWpVLVhPV1dTQXkwSTFWR2RNVk5POGNnNWlocjFaR3hRMUFtUXhJVWlUd3liUk10aUNtbWNrMXF4Y21tTGlMTnN1c0tfcGlNdw?oc=5,10,False,False
2026-04-18T22:24:26.654258+00:00,business intelligence analyst,Vancouver,linkedin,Sundayy,Data Analyst,"Sundayy hiring Data Analyst, Sr. in British Columbia, Canada - LinkedIn","Fri, 17 Apr 2026 23:07:47 GMT",https://news.google.com/rss/articles/CBMie0FVX3lxTE4xUzdtYWh5NlZuZGJEV3ZxXzBlSkdBQmx5SmRHWnNNUlh1M0xUamZiY1NTYWJPWGJta254azFlaFBMMEZnQWRMenJITTFnMGJfbkw1QmVkUk53R3pNZW9CRDVyd0U4cXdnbmoxOHZXYndDcE8wQ2djTXVHaw?oc=5,10,False,True
2026-04-18T22:24:26.654258+00:00,business systems analyst,Ontario,linkedin,RBC,Business Analyst,"RBC hiring Sr. Technical Business Systems Analyst in Toronto, Ontario, Canada - LinkedIn","Sat, 18 Apr 2026 06:32:25 GMT",https://news.google.com/rss/articles/CBMikwFBVV95cUxNWnM3VzNzM3RjaU95aHRzelkyY2dsTEtzdVFmb2VHTW5rSEVva01hRTFtNWJuS3AyODFzekFpQjBZeUZkdVR5RldURGJxTUhmYXVLaVlSWFNBQVZ4WjlKV29WWVBBajcwb2g1RnNfUjIxTW5KbVhFcUpES3dBNzVCNk1sYlB2a2N6V3BwZVl2NWJoa1E?oc=5,9,False,True
2026-04-18T22:24:26.654258+00:00,business systems analyst,Toronto,linkedin,Altis Recruitment,Business Analyst,"Altis Recruitment hiring Manager, Business Systems Analyst in Toronto, Ontario, Canada - LinkedIn","Sat, 18 Apr 2026 00:09:26 GMT",https://news.google.com/rss/articles/CBMinwFBVV95cUxNM0dSRkEzNGwyMTVzWVFDcmt0amZ1YmYzR0FzTXBUZlJPZ21Ockxpek5NREhsdy0wQThtY1B1SnVtWW9SV3ZMRmNkbkZ5V0FRc3BHSmsybUNvZTllcFhjeDhNNlEzX0lhTkFERGotaDBPSHAxa29zcEtZZi1JNWttWmNUdmVsWU9NcGY4UTdHaEJ5RElFS3JGdk44WmJKUWc?oc=5,9,True,True
2026-04-18T22:24:26.654258+00:00,bi analyst,Ontario,linkedin,Mercor,Other Analyst,"Mercor hiring Technical Documentation Analyst in Toronto, Ontario, Canada - LinkedIn","Sat, 18 Apr 2026 01:19:17 GMT",https://news.google.com/rss/articles/CBMijwFBVV95cUxPNElmRmppNnY4eE1jTi1pa0pJUkVZcGI0bUJoU1pSa2dna2lSMS1UemJWRGU5ZVg4ZlNpVWNCeDl5Z3pRYnNOVmg0aXhkMlJqelg1enNHRVlnanhVay1QbUM2UFBpRXcxczR0US1lcS1WS0dleEtYOTl5QmJnRDN4eHRZejFEQjlBcGY3NUVnVQ?oc=5,6,False,False
2026-04-18T22:24:26.654258+00:00,product analyst,Ontario,linkedin,Toyota Canada Inc.,Other Analyst,"Toyota Canada Inc. hiring Consultant, Toyota Product Planning Analyst in Toronto, Ontario, Canada - LinkedIn","Fri, 17 Apr 2026 23:14:49 GMT",https://news.google.com/rss/articles/CBMirAFBVV95cUxObl9sYjFJNDNtaEN2OF9iLWI0MGZxZ0Y0UXdVVUo4bXFXUC1rOGtxdlpsWW14eFZWWldNcTUwdG9KYzV5bm9sWXZFOTN1NGgwWE16TzBYTmNlelFORnd6SzQ2YjZfdDJHaTl5ZlB2RkE2V2ZwWmJ1b2hMVzdwbnNKd2cyZEt2d29uTmVneWxfa2VDbGdWZk1EYTFqSUppbVQ0X053YlEtT2xONExL?oc=5,6,False,False
2026-04-18T22:24:26.654258+00:00,analytics analyst,Ontario,linkedin,Thermo Fisher Scientific,Other Analyst,"Thermo Fisher Scientific hiring Sr. Analyst - Financial Data Analytics in Grand Island, NY - LinkedIn","Sat, 18 Apr 2026 10:14:11 GMT",https://news.google.com/rss/articles/CBMirgFBVV95cUxNR0prN0J5THBLOUlUU1BtUE9meGV6NDRtOUFjcTJJYUdJYXVBbC1wMl9OQXczMkJFUW9iVUM2NUdRalM4cDFvYUZXVHU3ekFhdjJKLUJJRUJZajhPLUdVdVRST1JmRlFHR1lyOFotRW1ScU9Lb3gtSHVIc3R6YWNiZFNpMnd2bVpNLXhEMi1CTDVtR2t4OTd3Qmt3dDFsN3pEaWNOVXJOdl85OTBDSEE?oc=5,5,False,True
2026-04-18T22:24:26.654258+00:00,business systems analyst,Markham,linkedin,City of Toronto,Other Analyst,"City of Toronto hiring SENIOR BUSINESS & SYSTEMS ANALYST BS&R 1 in Toronto, Ontario, Canada - LinkedIn","Sat, 18 Apr 2026 10:30:17 GMT",https://news.google.com/rss/articles/CBMipAFBVV95cUxQM3hIdXZkV2ZWVnlYYTd1YmpsWjRfUUZycFAyVERhd0JMMVlvZ0JQVVg2QkhybHVSLUZ6VmVnSU54aEFnMjhNOGtOX3J1MzhpanFYUlpBWFEydmFRQUpmLXR0cHZHVXo5bV9jMm8xN1dRWFJMQjRvZ1JzX0tIV21KZlItdWFxOU5GbndkQVo2ZmJjWm5Vb1paaGdYZ0tZX1M1VFV2Xw?oc=5,3,False,True
2026-04-18T22:24:26.654258+00:00,business analyst,Richmond Hill,linkedin,OpenText,Other Analyst,"OpenText hiring Lead Financial Analyst in Richmond Hill, Ontario, Canada - LinkedIn","Sat, 18 Apr 2026 00:40:01 GMT",https://news.google.com/rss/articles/CBMihgFBVV95cUxNeF9ZY1R6OXl0akRKMzR3ZzBGemZVeXVyVmlBZW9kQkZjeXlhdy1lR3l2SnFBQWRrUy1jSmx6SWNlMkNxc3dDdnhTazRJazh4M2tCNVJfZUxRZkc0OUVDVUpidW5idThtamlNOXFVVWprb1RoUWVyVmt5V0Q2QXRIVTZWN0xiUQ?oc=5,3,False,True
2026-04-18T22:53:07.943406+00:00,product owner,Toronto,linkedin,Akkodis,Product Owner,"Akkodis hiring Hybrid Business Analyst / Product Owner – Client Data & Operations in Toronto, Ontario, Canada - LinkedIn","Sat, 18 Apr 2026 01:15:11 GMT",https://news.google.com/rss/articles/CBMixAFBVV95cUxQbVJKZWVHamM2ckEwOU1Mb2VoVk9lbm5tNEVtZFZkb3dVUWREejNCLUppN2RDU25TRXNtM0cyU2ZjNE1xV0JubTRtYzJnZEp5UmJCbE1fRkJsS3pZMHBXX1hJZWpESUloa0NNLTRxcEtBOWQxTnVsTzFTcXFYOG42bkE5eTZVUVQzUm43U2ZmSlR2NDV0cWxsenRveEJsQklITTJiSE85OTFFdEc5bWNSOXU2Q0lGN2tHWDFUSlpHQW5hdXpX?oc=5,29,False,False
2026-04-18T22:53:07.943406+00:00,product owner,Toronto,linkedin,Sanofi,Product Owner,"Sanofi hiring Product Owner - Clinical AI Workflows - Vaccines in Toronto, Ontario, Canada - LinkedIn","Fri, 17 Apr 2026 23:25:00 GMT",https://news.google.com/rss/articles/CBMioAFBVV95cUxOSTVuamVXa3QwWVgyRjllZHc2VllsNGVFLTFtelpNeGxxTi1NZG5aRVpzSmhzc3Rfdnh4SWZZRkUzZV94RDljTVlaOGR3VThwNDZ5bUZfLVVuU0lkSmt0MUM1SU13Q1dqV0dsUGxuRkN6d0FkWFFvYlpyT0xXWG9nM0p0Q2RsMzhidjEzQ0ZZNlJjQ2t2T1E1eE1sYm9EYmst?oc=5,19,False,False
2026-04-18T22:53:07.943406+00:00,business intelligence analyst,Toronto,linkedin,BMO,Data Analyst,"BMO hiring Senior Manager, Data Analyst & Operational Process in Toronto, Ontario, Canada - LinkedIn","Sat, 18 Apr 2026 13:39:39 GMT",https://news.google.com/rss/articles/CBMioAFBVV95cUxOdy00di1rVkQ0dEpJVVdrbDRtajVhRDhxYldoU2I4aXIyLUxRQ2JJU0Y0WFNhcWowcExoX1lBNlctN1I2SXlCX0VBMDVmY3I0akhBS2hVTEZYSVBRNDNkaE81OWQ5NmlyZmhWQ21uNDEyUndmSVJOQ0RUN09mbnJra180VXNPdkUtRzFwZkRFdzQzMUZ5Snd2M3ZOcGJYZnB6?oc=5,17,False,True
2026-04-18T22:53:07.943406+00:00,business analyst,Edmonton,indeed,Business Analyst,Business Analyst,Business Analyst - HYBRID - Edmonton - Indeed,"Sat, 18 Apr 2026 02:37:57 GMT",https://news.google.com/rss/articles/CBMiXkFVX3lxTE5ra2k0bjF2QlJwWGFack1QZWxqRC1kUUs5Q3ZlUWVmNFdtWEtSdUNXdWZ6dk9Ha1NVdU5pSVB1a1ZHUXdJRVRnenlEbVQtcENLNDc5d0dyOTE4OXdmSWc?oc=5,13,False,False
2026-04-18T22:53:07.943406+00:00,product analyst,Ontario,linkedin,val's services,Product Analyst,"val's services hiring Remote Fintech Product Analyst - AI Trainer in Temescal Valley, CA - LinkedIn","Sat, 18 Apr 2026 00:13:15 GMT",https://news.google.com/rss/articles/CBMiqAFBVV95cUxOSEZyLXRLSzBxUWdnNWtDZDRrb0NuN29zckdGakFNME1pYVBudjI4RHJXVS00MW9xRjRsd1BXWkY3dVlkWlN3WWIwMXFrRGFZeFAtdVlGbExmVG5PeHpIbjk1ajZQWVpDVVpMdFROTXBZb1lvMEVNT0FtUDlNTFBscDJ4NWxlMGxVNDJ2VGk2eHNxbzhDTUk0NUNEUGlKc241S2pHUDBmS08?oc=5,13,False,False
2026-04-18T22:53:07.943406+00:00,product owner,Mississauga,linkedin,BoomerangFX,Product Owner,"BoomerangFX hiring Product Owner in Mississauga, Ontario, Canada - LinkedIn","Fri, 17 Apr 2026 23:17:29 GMT",https://news.google.com/rss/articles/CBMifkFVX3lxTE43UmRWalQtTGcxQ2p3X0ZFLTA0ak81OEhYV2M3U0FlbE5TSGZ1NGt2QzhYeFBEN3NwMHI4aV95VG8tSE5KS0pVVmhNcEgyZWdQUWxvSXlrYnpjMlktTVlTSnhmR3ROakYzeVRaMDFJUzB2YzVTdkF0OXl3S3d6QQ?oc=5,13,False,False
2026-04-18T22:53:07.943406+00:00,product analyst,Vancouver,indeed,"Product Analyst Jobs, Employment in Portland, OR",Product Analyst,"Product Analyst Jobs, Employment in Portland, OR - Indeed","Sat, 18 Apr 2026 13:50:13 GMT",https://news.google.com/rss/articles/CBMif0FVX3lxTFBLSktMdTB4cnkxaE5ZeDh6M2VHbThaT1l4YWJ6dVFiS01WcHAtTWpqRWpvQzFnNXZmcWdhcjBXczc0amFBUmVKaC05b0xVLS1CMXFwdVpESVgtaWNsUUdEZVZPVEtURzI2TUh3V3lWTEJvbjFkdUh5NXBRY051a0E?oc=5,12,False,False
2026-04-18T22:53:07.943406+00:00,business intelligence analyst,Edmonton,indeed,Business Intelligence Analyst,BI Analyst,Business Intelligence Analyst - Indeed,"Fri, 17 Apr 2026 23:54:26 GMT",https://news.google.com/rss/articles/CBMitgFBVV95cUxQS1V0SEM0WGpLSWp2QlNWVDl6MkhBdEp3YWppNHpKeERNQlpsNllBVzVnOUVqZDR0bjg0VzNvak5fX0hhYWlIOHpHWGZYOVpVTFlWV2tsaVVuVV9nTi1nUGJoSVFpV25JZ09TVEZVc1RIMTNqN0l3cklqeGMzWjdwa0VKUnBoVDdFZ3dReUF2d0pwU1dna3dFZWlNX1BwUUVIY3VWVlBzMFVnV25MSzJWclFxM0dVUQ?oc=5,12,False,False
2026-04-18T22:53:07.943406+00:00,reporting analyst,Calgary,indeed,"Discover 75 Gas Market Analyst Jobs and Work Opportunities in Calgary, AB",Other,"Discover 75 Gas Market Analyst Jobs and Work Opportunities in Calgary, AB - Indeed","Fri, 17 Apr 2026 23:44:19 GMT",https://news.google.com/rss/articles/CBMigAFBVV95cUxOWEd1SFZ5aTNwdWE5UHdUaEtpZWJXdWstd081bkxFa0xuY0RjVHdiX244ZVg1ZVRjOGRSUU1NZUVvQ1B1STk4eE11dDZvMVdKVm9pcmVpN1N0bFBnVTBrRGliNEdaUjN0UUpTc0VPMDRRdTNrRkxUMzhKX2dPaHZGbw?oc=5,12,False,False
2026-04-18T22:53:07.943406+00:00,insights analyst,Edmonton,linkedin,Government Entity,Data Analyst,Government Entity hiring Senior Data Analyst in Canada - LinkedIn,"Fri, 17 Apr 2026 23:26:07 GMT",https://news.google.com/rss/articles/CBMikgJBVV95cUxQZUVjRktEaFhic2JoTXc1dkliUV9GWm1kSUF6U1VENXdXYngzNXFrYUJhYUtEc01yaExpdkV6SW5sYTNLZFFEc3NMR3NpVHhaYnR3MWN5bEVBajN3cTYxQ2N0ZUxZRVE4U2phOEstTUtwelFVdld2b1YzV3BvQ3g3cVJBR1RJSms0V2dhRFBpRXNIbzdfQVdVMzZsSkJiSGVyTWtNQkdCaG02YVZkTkI0Q1J5VC1QR0RjSW9KVzRpM3hLQ0F6Z0tySE5QMkpJdVNkMGJ1Zlp3U3F0QUs1UlhsbXRvWkwtbk9NUHNNNS1SdDFuTlkxS2NzOHh5QXhHRXNaeC0tWk5RRlpINHdQNVQzNU9n?oc=5,11,False,True
2026-04-18T22:53:07.943406+00:00,business analyst,Surrey,indeed,Senior Business Analyst,Business Analyst,Senior Business Analyst - Indeed,"Sat, 18 Apr 2026 10:12:20 GMT",https://news.google.com/rss/articles/CBMiXkFVX3lxTE1JSVVzY29QV1JaOWxIVTZWWUQwMGZxQS1RUHBLUV83d2Q1MGFValFHMDU4VzlUbWFTTTNfRDkyY25wdGFEX2tyOXlqUEZpemZhT2RLbERZaFFSNUJ2WGc?oc=5,10,False,True
2026-04-18T22:53:07.943406+00:00,insights analyst,Richmond Hill,indeed,"Customer Insights Analyst Jobs, Employment in Virginia",Insights Analyst,"Customer Insights Analyst Jobs, Employment in Virginia - Indeed","Sat, 18 Apr 2026 02:08:51 GMT",https://news.google.com/rss/articles/CBMie0FVX3lxTE5CNklzX3JJNC1GSkh3VHIzekxiaDhpY1dWakQ0ZnpQU0VKcmJXZFBPaVowcVg5clU2Z1NVRGx6a1I1ajA4QnBSSVNxOTNDQjgtb2J5VE9sU0x1LXdudTJZQlZRYUVLRnR2cHZza0c2ZTBQR2lZdmZOaTNlaw?oc=5,10,False,False
2026-04-19T03:53:10.732151+00:00,reporting analyst,Toronto,indeed,Reporting and Analytics Analyst,Data Analyst,Reporting and Analytics Analyst - Indeed,"Sat, 18 Apr 2026 05:50:10 GMT",https://news.google.com/rss/articles/CBMiWkFVX3lxTE1SWEw5ZTdaVGxodHpDUkh3aUZkM3lYT2FFTmFKVV9uRW9JYmpzRDBfOWlJTk92NDZ5ejBJYXdheFpSUWh5QmlUMHFRMmxQclRiWlVrNzdSYWFDQQ?oc=5,19,False,False
2026-04-19T03:53:10.732151+00:00,business analyst,Toronto,linkedin,RBC,Business Analyst,"RBC hiring Lead Business Analyst in Toronto, Ontario, Canada - LinkedIn","Sat, 18 Apr 2026 20:47:10 GMT",https://news.google.com/rss/articles/CBMifkFVX3lxTE5NTDNUZVRHRVlIRzc1Zjc4cFNtSmhDdXhJVTc3R0tXM25Cd0V3bzdLRGo1d2FiQnFYNkg1MFU1WGJuVmVOZFBXOXZuVTJ4S24zV1J1OEo0UnVzSDZUZVdReWNiLUp3VTlTWWRKTlNOSGY1SUxzVlVrczRrSGR4dw?oc=5,16,False,True
2026-04-19T03:53:10.732151+00:00,business analyst,Richmond Hill,indeed,Senior Business Analyst Jobs,Business Analyst,Senior Business Analyst Jobs - Indeed,"Sun, 19 Apr 2026 00:31:14 GMT",https://news.google.com/rss/articles/CBMiggFBVV95cUxPV3lLUzBXamRHdkRpMGRWUVk4TjB1WmlweWpBT0pNaGRzckh2OHBhSFUwUXZRZy03TzZpUWtVQXhjSzJrb2VrY3h1S0E4c2NmYUttWlhpLS05cFFZSVhmcGNVNXZIWHZHOVlhS244Umk3MUdxTVFFaHB3Y2FqYzdBYldB?oc=5,10,False,True
2026-04-19T09:09:42.353423+00:00,reporting analyst,Toronto,indeed,Senior Strategy and Reporting Analyst,Reporting Analyst,Senior Strategy and Reporting Analyst - Indeed,"Sat, 18 Apr 2026 21:54:57 GMT",https://news.google.com/rss/articles/CBMiX0FVX3lxTE1fUGxvRk1hcXpyUU9DWV9xVnBJcUdUVUlqUE56WEU0MVpEeG1VNkhJNzZPa25XYkMtbVZ4UDNDR3gzZzJZSUs5VXpFX3F0TTU3VlBtblpIbGRLMXlhSF93?oc=5,14,False,True
2026-04-19T09:09:42.353423+00:00,insights analyst,Edmonton,linkedin,S M Software Solutions Inc,Data Analyst,"S M Software Solutions Inc hiring GOAPRDJP00000890 - Data Analyst in Edmonton, Alberta, Canada - LinkedIn","Sun, 19 Apr 2026 01:10:51 GMT",https://news.google.com/rss/articles/CBMipwFBVV95cUxQWkl1a09feWpJelVvS0lZbHY1NE1ydWlQQWRYTXpOQnRiMnNMOUdYZEJJWEJneFQ2cXNJclpQUGRuSzBsYlVRYkRzMFNuYkVjSk42eEhwS29tR3ZRU1NjbGxHUjVzR0RlOVNPeHJOdlVGamJUTlBRUHdSUjVyYU9zcDFmRkFxTy1aUGVhQzNqRmlOSndZa0p1OElkeWhSX3VXOWJQcXJpdw?oc=5,11,True,False
2026-04-19T09:09:42.353423+00:00,business intelligence analyst,Vancouver,linkedin,Clio,BI Analyst,"Clio hiring Senior Business Intelligence Analyst in Vancouver, British Columbia, Canada - LinkedIn","Sat, 18 Apr 2026 19:17:31 GMT",https://news.google.com/rss/articles/CBMi9wFBVV95cUxNS0ZKVGhYRHR6MzVsN3lhNFhzUGFxbGFLeEVFMWN6QVNEMUllT0puWHJyN05aazhZekxtUTZCNGM4NG9yR1hXX2xQQTNLRDU4LXhSbkFlajJpTWFzdDF3R3k5WUtCZmdBRzlkUjJ3SGt0WThjd3JGLWdNZTFJam5MdlVVLWhZN3R3bTg4TkVycGVkWkZHT3ZiWEtuMG9OZTVlOWtaYVVSRDVGREtYdFJQc2E4MTl0MGFBQW8wTUtKWkhxaDdndVRFMDdjbDQ4MHBoeWs4UHF1OTczSzdFbmNNRDdNQm5fWnBGZkRUQVNNcHRlWnU4Q2lZ?oc=5,9,False,True
2026-04-19T13:37:11.050608+00:00,data product owner,Toronto,indeed,Data Product Owner,Data Product Owner,Data Product Owner - Indeed,"Sat, 18 Apr 2026 23:36:48 GMT",https://news.google.com/rss/articles/CBMiWkFVX3lxTE16OVBkaGtjNGpxRnV5WGFVWUJkV19JdkJHZERabVNzd1YtZERkLVZ0VEtRWFR3LW90UkZrM195VlhZbHhZNVZiN0lNQlIxYk9KQWptWjRUdjl0dw?oc=5,30,False,False
2026-04-19T13:37:11.050608+00:00,data product owner,Brampton,indeed,Data Product Owner,Data Product Owner,Data Product Owner - Indeed,"Sat, 18 Apr 2026 23:36:48 GMT",https://news.google.com/rss/articles/CBMiX0FVX3lxTE5nX3JpdTVLQXhWOHBpWjZoMlRCc29nWDhVaElnX0ZXWUpXWDFwYWtQaGEzdDZnMUo2eTBCOVV0WWJjTmE2SEhUcUtwQW4tOXNmOXMwV0VHMXlic091ZlNF?oc=5,24,False,False
2026-04-19T13:37:11.050608+00:00,business analyst,"""Remote Canada""",indeed,Business Analyst Jobs,Business Analyst,Business Analyst Jobs - Indeed,"Sun, 19 Apr 2026 10:55:06 GMT",https://news.google.com/rss/articles/CBMieEFVX3lxTE9YTHZmNHRueGdoXzVVcGIwZ0NuQkRhR21PbTRqTThwZHN3bG1ueElFOEdONXJLN2NLVGVxUGMtblgyZlJOTWhnYTlyTUJMa2piU3RiQ2dDWmNmUGlNX01pT29DMldScm9WQ1FteHRmdDlMTkdyWVBfdA?oc=5,20,False,False
2026-04-19T13:37:11.050608+00:00,data analyst,Mississauga,indeed,"Discover 400 Junior Data Analyst Jobs and Work Opportunities in Mississauga, ON",Data Analyst,"Discover 400 Junior Data Analyst Jobs and Work Opportunities in Mississauga, ON - Indeed","Sun, 19 Apr 2026 09:05:01 GMT",https://news.google.com/rss/articles/CBMihwFBVV95cUxPYV9lZndVS2NvQ05nQlFqR3poX2pzeHRVTVFaZE5GMnhVV0xmNTFManh1czhmVF9vbFFHX2xLZGJLWkJ0LVlKX0pia0ZUbm9oWm91d0taXy00X3JXa2NiMkNMdWp3OFh4VGhpeVE4dzhFbnRaUkRhVnEtVDlrWUlmUGdoLTdjMTQ?oc=5,14,False,False
2026-04-19T13:37:11.050608+00:00,product owner,Surrey,indeed,Product Owner,Product Owner,Product Owner - Indeed,"Sun, 19 Apr 2026 09:59:25 GMT",https://news.google.com/rss/articles/CBMicEFVX3lxTE43T2tJd014dkwzWkREc3lwam84cGtsZWh5X3lpdlpDeXBLaE9iSVpQaUQ2b01IVmViRlpmVkplYjg5ZGoyZU1WWHRmVGRQc0gtbU4xa0NHaDVLTW9BRXVrTUtZbFEzb2FvczJ1bURzRUw?oc=5,13,False,False
2026-04-19T13:37:11.050608+00:00,operations analyst,Toronto,indeed,Senior Fraud Operations Analyst,Operations Analyst,Senior Fraud Operations Analyst - Indeed,"Sun, 19 Apr 2026 07:41:19 GMT",https://news.google.com/rss/articles/CBMiXkFVX3lxTE5seGxjWGpyWHFLajA0U3QwaFlnZjBmSExUejJIRVktVHJNaFdUSE5ZVXRCamRDOGoybVFuek5LUkU5R3pHdHlPTW5ZOG0xUU9HSHFlZU9fbkZCdTZEaFE?oc=5,13,False,True
2026-04-19T17:01:13.604257+00:00,reporting analyst,Calgary,linkedin,"JSG (Johnson Service Group, Inc.)",Reporting Analyst,"JSG (Johnson Service Group, Inc.) hiring Reporting Analyst in Calgary, Alberta, Canada - LinkedIn","Sun, 19 Apr 2026 07:39:12 GMT",https://news.google.com/rss/articles/CBMimwFBVV95cUxPQlZsV1lidHFmMjJscHpaUjRuTEJYVDRJNVFTLU1KbFVBLTBYUHMyS2pBZUY4b2hrNmdUc25YU3ZOSVhld1RVMHI5RW5XYXZrUkc2eG9LMXE3VjFBbUxZSWVVaWF1bXRIR3RWQ1lZbmp6QXpBOWtGclo4Vl9WUHc4aV9Pd3lnZWdveDl6aVdMV1lLNTY3RDV3NnVaRQ?oc=5,17,False,False
2026-04-19T20:58:13.294189+00:00,reporting analyst,Toronto,indeed,Senior Strategy and Reporting Analyst,Reporting Analyst,Senior Strategy and Reporting Analyst - Indeed,"Sat, 18 Apr 2026 21:54:57 GMT",https://news.google.com/rss/articles/CBMiWkFVX3lxTE43MzZDc3JhdHhDbmZKS3BxSDhNOHZZV2haVU4xMkJmd2pENHFsbEpCaTJpV1hKZmFMR1plWXR2a2V0WDZ6MGQ2bUxkcVFTNWZJWmR0cUFGbmpEUQ?oc=5,14,False,True
2026-04-19T20:58:13.294189+00:00,product owner,Richmond Hill,indeed,"Product Owner Jobs, Employment in Florida",Product Owner,"Product Owner Jobs, Employment in Florida - Indeed","Sun, 19 Apr 2026 17:58:49 GMT",https://news.google.com/rss/articles/CBMidkFVX3lxTE9vaGFlWlIxNktlQ19tOUNSOU13WXZSZFZ4WnVyRUxuZFpWa19UWFJKNmJOZzRHb1pFTW9FdE05UzhNV3FNc0hfQTZLVTFVam9OSnJvTmd1RmZjZy1YRG03bEtNeldmcXA3Z0xGNTdHUmhSa3MxNUE?oc=5,13,False,False
2026-04-19T20:58:13.294189+00:00,operations analyst,Toronto,indeed,TD Senior Operations Analyst jobs,Operations Analyst,TD Senior Operations Analyst jobs - Indeed,"Sat, 18 Apr 2026 21:55:35 GMT",https://news.google.com/rss/articles/CBMiekFVX3lxTE1CaUhhaTA2cmR6dm45ajVwckdKRERIcmRpZVJfb2hPZnY2S2pQb3ZFV2JqeWdrZ0VfMDFkT0hPS0hNQ3dRRFNZNkNsQWFWcUlHUkpqYlUyUXdYVTN1c3FEcTJMaXpqd3BhMUxMMnVlU196R05QeWxXWTdn?oc=5,13,False,True
2026-04-19T20:58:13.294189+00:00,operations analyst,"""Remote Canada""",linkedin,Alignerr,Other,"Alignerr hiring Network & Infrastructure Security Analyst in Toronto, Ontario, Canada - LinkedIn","Sun, 19 Apr 2026 05:54:47 GMT",https://news.google.com/rss/articles/CBMinAFBVV95cUxQbUYwdzJERWRqTDJqT0JPa25vb2JQejJOX0t0Y2F6Tk5vWGJhSDJWSGZnZEZzUE55a2ZjOXZBN1A2ZlV3ZUlRR0ZQUFJFMkdLZFZOejd0b2xYU0xKQUlxQzN2TjRXM2hfanFwZVRqMGdqdTFPMTFWSi03WTBuN1U1bkRRWGV2TW9vTWREdFJvM1NJNVBMNl9CaUNBZ2g?oc=5,12,False,False
2026-04-19T20:58:13.294189+00:00,data analyst,Edmonton,linkedin,S M Software Solutions Inc,Data Analyst,"S M Software Solutions Inc hiring GOAPRDJP00000890 - Data Analyst in Edmonton, Alberta, Canada - LinkedIn","Sun, 19 Apr 2026 13:23:36 GMT",https://news.google.com/rss/articles/CBMipwFBVV95cUxQeVE2NGVQM0xGeUFGQ1JQVlpZeTVxeDVKaUFnbWxvd0ZGNjZwR2pidXRyVm5tZ0p6azU2SWRYVjFXLWlNek52UjFFeDlIeGRKTXJXZE9oYWdEQTBiMjdXcWlUZXhZYnNKWExlNGVIUmI5MWgwM1V1X2VqUk1VODRFbHd2T3ZsUlk1elY1TGY0VlBLcjlFWHV6TDIwNFI0OHRyZzBXRE4xaw?oc=5,11,True,False
2026-04-20T03:54:41.366856+00:00,business analyst,Toronto,indeed,"Discover 100 Entertainment Business Analyst Jobs and Work Opportunities in Toronto, ON",Business Analyst,"Discover 100 Entertainment Business Analyst Jobs and Work Opportunities in Toronto, ON - Indeed","Sun, 19 Apr 2026 04:35:33 GMT",https://news.google.com/rss/articles/CBMikAFBVV95cUxQeEM1T0VlY1c4b3J0U09reGY5Ylg0YVo2Z3VRRG8tQTlHMTdBZFlNY01PaG1BTVcySG9JeHdESDRVSlQ4OWRjRzFlNjJ1YlV5RnhYRlpROE8wZ0NKb0tCSk9OSXNxQUVEU0dLbFM2dXBaWG1XNGx5Q2lERHR0TXNaU2xVS1RtR1dnaFZ4SUpLbWY?oc=5,19,False,False
2026-04-20T03:54:41.366856+00:00,reporting analyst,Toronto,indeed,Reporting Analyst,Reporting Analyst,Reporting Analyst - Indeed,"Sun, 19 Apr 2026 21:26:50 GMT",https://news.google.com/rss/articles/CBMiX0FVX3lxTE5tbmJEZmNsdXlpN1lhRjRQaml5X3Y0TTFJanpEdE1ZYWVNTjkwLUl2LVgyenk4UnJMQU9PWXJTOGplYlAwNUY5QWRucThlbjV0bk9GaDFLQURuOFo1T0lZ?oc=5,17,False,False
2026-04-20T03:54:41.366856+00:00,business systems analyst,Toronto,linkedin,Guardian Capital Group,Business Analyst,"Guardian Capital Group hiring Senior Business Systems Analyst (Charles River / Eagle) in Toronto, Ontario, Canada - LinkedIn","Sun, 19 Apr 2026 18:01:01 GMT",https://news.google.com/rss/articles/CBMivwFBVV95cUxOSVBZenZza0pTb2NrM1A3ejhnU191aVJQZWtZeDZrZTZscW5iZmltVUgxN2VmbTJkeVR0cWI3OFNXZTB2dlNJcUUzcXZaS0k1MlBfOUhNSmtzN3FTckFzZVoydHZrOFBPRHNKem1GQU1NZDU2U3RoM21Mc3NDVGg5NXlGa0F0ZDI0T1AxZUh2OGs2NjNTV0Nzb29EcXZuX3JGUU9DQk5IX2Q5Q2ptU1R3cHUzSE1aX1o0N3RpUTJYbw?oc=5,14,False,True
2026-04-20T03:54:41.366856+00:00,data analyst,Mississauga,indeed,Data Analyst | Data Storytelling | Hybrid,Data Analyst,Data Analyst | Data Storytelling | Hybrid - Mississauga - Indeed,"Mon, 20 Apr 2026 02:23:50 GMT",https://news.google.com/rss/articles/CBMiXkFVX3lxTE95Yl9SYTlaUEZtTXo4a0lpMEtWN1FfTlQtenIwUTVFbm1DTzV3WE5mWDR1anFieXd6WGVXSkV5ZWxSZXJfcFF2T3c1VjFnTEFGT3hCVE5VNXRmY3Blb2c?oc=5,14,False,False
2026-04-20T03:54:41.366856+00:00,business analyst,Vancouver,indeed,Business Analyst II (1,Business Analyst,Business Analyst II (1-year contract) - Indeed,"Sun, 19 Apr 2026 09:43:00 GMT",https://news.google.com/rss/articles/CBMiX0FVX3lxTE1CeFRfdHNDUmNwVHozc0kyd041eEhmaHB4WG1DYkJZOHc3UWlWRTVvdWRkb1d4VHpub29BekNGVHJyeFNodWNZT0htSkZjamh6d3p4ejlNZkwwQUZkM1VV?oc=5,13,False,False
2026-04-20T03:54:41.366856+00:00,reporting analyst,"""Remote Canada""",linkedin,Mercor,Other,Mercor hiring Household Budgeting Expert - Analyst in Greater Montreal Metropolitan Area - LinkedIn,"Sun, 19 Apr 2026 05:52:46 GMT",https://news.google.com/rss/articles/CBMikwFBVV95cUxPZGRJWl8zZWJMOTNLcWxZaE1kTHVzbzktcXlPTzRvQWc0VkptRm5HRDlRQ05TTU9zOW03dEtQdWtjd3R5Um5hM1h3U1YtcmdsaVRsT1M2QmRnMkJiWjFZaHQxZ2VWLXhRaWY0YkI0eUM2bm9vZnRsZUtCc0J2Z0Z1NTNsTXZlRWRkdlBNTGl4R3JkUFU?oc=5,13,False,False
2026-04-20T03:54:41.366856+00:00,business intelligence analyst,Edmonton,linkedin,S M Software Solutions Inc,Data Analyst,"S M Software Solutions Inc hiring GOAPRDJP00000890 - Data Analyst in Edmonton, Alberta, Canada - LinkedIn","Sun, 19 Apr 2026 13:16:47 GMT",https://news.google.com/rss/articles/CBMipwFBVV95cUxPX0Z6NDJDRi05ZFBLd3NVS0lTT0c0Q3lmWFVXNGFZZXl2OWgzNmFvSTZ3ZmJvaE5seTdxdmF2YXB4TzRZU19TODZ5ZERndVV1cG1MdHNvYWllNFBNdmhERFRXbEZIcTFNWkZaNzN3aTAyNGNsSmVqaXFkcWRhaEN3aVVzbEppdDVRU3BNbm5yU094OUxwcVdtdEJjblBDay15VFdhQ1FIQQ?oc=5,11,True,False
2026-04-20T03:54:41.366856+00:00,reporting analyst,Ontario,linkedin,Altis Recruitment,Reporting Analyst,"Altis Recruitment hiring Financial Reporting Analyst in Markham, Ontario, Canada - LinkedIn","Sun, 19 Apr 2026 21:42:30 GMT",https://news.google.com/rss/articles/CBMimAFBVV95cUxPVzJuODZGeF9Sck1TaEU5LXpJVVlUVC1ZbFJuWHZxcV9lX1hGUjJBZE55Z0xaN0dUUndGWVNJTlZsQkIzVkgtVEcyUjEwTU56YUZLMkhTR2FkRV80clNONEQ0ZjBaV0Rtd19IbmtwZWFTLWxXMHEycWZ1YnN4YUZ0cTB3eDM3OXNlRzdJRW9KLUU4Zjgyd1d3eQ?oc=5,9,True,False
2026-04-20T06:30:00.943379+00:00,reporting analyst,Toronto,indeed,"Financial Reporting Analyst yearly salaries in Toronto, ON, ON at Girl Guides of Canada",Reporting Analyst,"Financial Reporting Analyst yearly salaries in Toronto, ON, ON at Girl Guides of Canada - Indeed","Sun, 19 Apr 2026 13:05:12 GMT",https://news.google.com/rss/articles/CBMimwFBVV95cUxORXRKb3Nab1ZzSV9FS1JkYXA3c2hPVWxfVXpMamFNS0RFd0d2SXVha0hzQlJUeDBnNkI0UkhmT19tNVhNVEc4ZVJCYnAxWTh1ZUxxZzJ2Slc3Tkk2dkhrekJkdWR1S1pDS3BSQ3JmMFE1ZVI1ZXBaWE80bkt5V3N0elFuRWFJZUVQS3dNNUVPejhMNXhCbFluaGN3VQ?oc=5,17,False,False
2026-04-20T10:12:32.959012+00:00,operations analyst,Toronto,linkedin,Didasko Outsourcing & Offshoring Resources,Operations Analyst,"Didasko Outsourcing & Offshoring Resources hiring People Operations Analyst in Greater Toronto Area, Canada - LinkedIn","Mon, 20 Apr 2026 01:55:36 GMT",https://news.google.com/rss/articles/CBMitAFBVV95cUxPRnctVVVBWFQ1dVZRVkY1RGJlWlIxbVF4TDJuZURRZ3J3aElrWC1McTVUdy01UDhwdjVGN1czblZQQ290VVItTENTSWpJTEZYNUxQWVJfQmN2Z1UxcXVwUGtuUWZvVXM3NzQwX2ZySWk3cXNrLVRIMU1SZjItMHBXYzBRa0EtVUxqMXNna1dTckZreENnVS1LQ0lEWlc3Z2x0eHRpbm5mWWFHaV8tRVd4blBNTzc?oc=5,16,False,False
2026-04-20T10:12:32.959012+00:00,business analyst,Ontario,linkedin,S M Software Solutions Inc,Business Analyst,"S M Software Solutions Inc hiring RQ00585 - Business Analyst - Senior in Toronto, Ontario, Canada - LinkedIn","Sun, 19 Apr 2026 13:17:17 GMT",https://news.google.com/rss/articles/CBMiqgFBVV95cUxPRzkzUUtvb1VMLXRodElvQlVVMGJ0VkhlcUprajZyVGpra19oMDgxeGxFWEZOUG5RSkxnLXRVcnZSaEpDbGMtNWVPSXQ4b25JRHBzTlYyV0hZaVdMX2lETHdmTXpKS0VKamx6S0xqa0s4bmFFVFhIY3RrZVdWT3AzY2tteHJ5SlBxa3FETC0wMDRPdXhocDZidmNMUFdXcWdHY2NneEhuanI0Zw?oc=5,8,True,True
2026-04-20T14:16:06.465573+00:00,insights analyst,Richmond Hill,indeed,"Data Analyst Jobs, Employment",Data Analyst,"Data Analyst Jobs, Employment - Indeed","Mon, 20 Apr 2026 10:34:33 GMT",https://news.google.com/rss/articles/CBMid0FVX3lxTFBHN1NRaFpSc21YbkhvamZQckVEak5zb1ZnalZmOV9KU1h6UXloR2ZaR1AzZjR6aXV1UVNTSTlfNjF3VHg0T3JuU3pSV3VWcEVxeTFCREtlWW1JNjJIQzJEakI2VDZhdmF1RzZ3TzBOaUJ6U3hXQ3k4?oc=5,14,False,False
2026-04-20T17:22:08.607863+00:00,operations analyst,Calgary,indeed,"Sales Operations Analyst Salaries in Calgary, AB for Siemens",Operations Analyst,"Sales Operations Analyst Salaries in Calgary, AB for Siemens - Indeed","Mon, 20 Apr 2026 13:19:53 GMT",https://news.google.com/rss/articles/CBMijgFBVV95cUxNX3h1MkRqYWlVQzd1Z0syb1dXNW9BejhnaDNVMkd0UWlscW95SHFUZ0RqUVZJbGN0RWluMzdod01TLUNrejRqRDhObERwc3NxQnBXQ0pZTW5CU3hCeUI1bFIwbHhQZl9XaURRWmRMdlBxRnZ0aUZ0ZFU5SGxXc2pDUVR3aEEyci16YTIyWXNB?oc=5,16,False,False
2026-04-20T17:22:08.607863+00:00,product owner,Ontario,linkedin,BrightIT,Product Owner,"BrightIT hiring Product Owner (Implementation) in Toronto, Ontario, Canada - LinkedIn","Mon, 20 Apr 2026 14:31:12 GMT",https://news.google.com/rss/articles/CBMijgFBVV95cUxNTHA0ZTJVM1lVaUtqVEUyUC1LMUxCQXd1NWJKWEdxVUxPNVR4X1VRMXYzTEVfR1ZHb1J6QjBsazlBR0pHWTNUcTViZXRmM1RzRlUwZnAtUm5wb3VhRVQxY09zSUhsT3VtUWx3WXowTW82T01kSlJ1VDFRTWNQSEdmRmVQS3pBMjQtY3dYSFVn?oc=5,14,False,False
2026-04-20T17:22:08.607863+00:00,business analyst,"""Remote Canada""",linkedin,Crossing Hurdles,Other,Crossing Hurdles hiring Senior Financial Analyst | Remote in Canada - LinkedIn,"Mon, 20 Apr 2026 11:37:27 GMT",https://news.google.com/rss/articles/CBMinAFBVV95cUxOQ0tLSmJXcGkxaDBwS0dIaUlickxlZEZkT0VuYnI4aWZRVGZGQkFPMWRqTThubGJaN3ZfNFJIcFhZR29UWmRtV1lyMnFEaFJFSlVISXpuR29GUG1WdzZJdHNFaENhMzR6UG5tZ19LSGIwUUlteWNnRy1tVHQtMktuZXpLMVIxTXRwV1JZOXU4SXRQTmV4LWNRQjBnWS0?oc=5,9,False,True
2026-04-20T17:22:08.607863+00:00,business systems analyst,Mississauga,indeed,Senior Business Systems Analyst,Business Analyst,Senior Business Systems Analyst - Indeed,"Mon, 20 Apr 2026 13:36:38 GMT",https://news.google.com/rss/articles/CBMiXkFVX3lxTE5nN1NKOFJHak0yQXFEWUJaNzFDM2VmblRpTlItT1Q2allOSHgxRkxhRk9GZGZSRm5VU1I0Nmc0SEtrWXBmR2VQVF9KUkFmdEZobmYyazd5MlRqMWpNTHc?oc=5,8,False,True
